Ukazatel;2024-09-30;2024-08-31;2024-07-31;2024-06-30;2024-05-31;2024-04-30;2024-03-31;2024-02-29;2024-01-31;2023-12-31;2023-11-30;2023-10-31;2023-09-30;2023-08-31;2023-07-31;2023-06-30;2023-05-31;2023-04-30;2023-03-31;2023-02-28;2023-01-31;2022-12-31;2022-11-30;2022-10-31;2022-09-30;2022-08-31;2022-07-31;2022-06-30;2022-05-31;2022-04-30;2022-03-31;2022-02-28;2022-01-31;2021-12-31;2021-11-30;2021-10-31;2021-09-30;2021-08-31;2021-07-31;2021-06-30;2021-05-31;2021-04-30;2021-03-31;2021-02-28;2021-01-31;2020-12-31;2020-11-30;2020-10-31;2020-09-30;2020-08-31;2020-07-31;2020-06-30;2020-05-31;2020-04-30;2020-03-31;2020-02-29;2020-01-31;2019-12-31;2019-11-30;2019-10-31;2019-09-30;2019-08-31;2019-07-31;2019-06-30;2019-05-31;2019-04-30;2019-03-31;2019-02-28;2019-01-31;2018-12-31;2018-11-30;2018-10-31;2018-09-30;2018-08-31;2018-07-31;2018-06-30;2018-05-31;2018-04-30;2018-03-31;2018-02-28;2018-01-31;2017-12-31;2017-11-30;2017-10-31;2017-09-30;2017-08-31;2017-07-31;2017-06-30;2017-05-31;2017-04-30;2017-03-31;2017-02-28;2017-01-31;2016-12-31;2016-11-30;2016-10-31;2016-09-30;2016-08-31;2016-07-31;2016-06-30;2016-05-31;2016-04-30;2016-03-31;2016-02-29;2016-01-31;2015-12-31;2015-11-30;2015-10-31;2015-09-30;2015-08-31;2015-07-31;2015-06-30;2015-05-31;2015-04-30;2015-03-31;2015-02-28;2015-01-31;2014-12-31;2014-11-30;2014-10-31;2014-09-30;2014-08-31;2014-07-31;2014-06-30;2014-05-31;2014-04-30;2014-03-31;2014-02-28;2014-01-31;2013-12-31;2013-11-30;2013-10-31;2013-09-30;2013-08-31;2013-07-31;2013-06-30;2013-05-31;2013-04-30;2013-03-31;2013-02-28;2013-01-31;2012-12-31;2012-11-30;2012-10-31;2012-09-30;2012-08-31;2012-07-31;2012-06-30;2012-05-31;2012-04-30;2012-03-31;2012-02-29;2012-01-31;2011-12-31;2011-11-30;2011-10-31;2011-09-30;2011-08-31;2011-07-31;2011-06-30;2011-05-31;2011-04-30;2011-03-31;2011-02-28;2011-01-31;2010-12-31;2010-11-30;2010-10-31;2010-09-30;2010-08-31;2010-07-31;2010-06-30;2010-05-31;2010-04-30;2010-03-31;2010-02-28;2010-01-31;2009-12-31;2009-11-30;2009-10-31;2009-09-30;2009-08-31;2009-07-31;2009-06-30;2009-05-31;2009-04-30;2009-03-31;2009-02-28;2009-01-31;2008-12-31;2008-11-30;2008-10-31;2008-09-30;2008-08-31;2008-07-31;2008-06-30;2008-05-31;2008-04-30;2008-03-31;2008-02-29;2008-01-31;2007-12-31;2007-11-30;2007-10-31;2007-09-30;2007-08-31;2007-07-31;2007-06-30;2007-05-31;2007-04-30;2007-03-31;2007-02-28;2007-01-31;2006-12-31;2006-11-30;2006-10-31;2006-09-30;2006-08-31;2006-07-31;2006-06-30;2006-05-31;2006-04-30;2006-03-31;2006-02-28;2006-01-31;2005-12-31;2005-11-30;2005-10-31;2005-09-30;2005-08-31;2005-07-31;2005-06-30;2005-05-31;2005-04-30;2005-03-31;2005-02-28;2005-01-31;2004-12-31;2004-11-30;2004-10-31;2004-09-30;2004-08-31;2004-07-31;2004-06-30;2004-05-31;2004-04-30;2004-03-31;2004-02-29;2004-01-31;2003-12-31;2003-11-30;2003-10-31;2003-09-30;2003-08-31;2003-07-31;2003-06-30;2003-05-31;2003-04-30;2003-03-31;2003-02-28;2003-01-31;2002-12-31;2002-11-30;2002-10-31;2002-09-30;2002-08-31;2002-07-31;2002-06-30;2002-05-31;2002-04-30;2002-03-31;2002-02-28;2002-01-31;2001-12-31;2001-11-30;2001-10-31;2001-09-30;2001-08-31;2001-07-31;2001-06-30;2001-05-31;2001-04-30;2001-03-31;2001-02-28;2001-01-31;2000-12-31;2000-11-30;2000-10-31;2000-09-30;2000-08-31;2000-07-31;2000-06-30;2000-05-31;2000-04-30;2000-03-31;2000-02-29;2000-01-31;1999-12-31;1999-11-30;1999-10-31;1999-09-30;1999-08-31;1999-07-31;1999-06-30;1999-05-31;1999-04-30;1999-03-31;1999-02-28;1999-01-31;1998-12-31;1998-11-30;1998-10-31;1998-09-30;1998-08-31;1998-07-31;1998-06-30;1998-05-31;1998-04-30;1998-03-31;1998-02-28;1998-01-31;1997-12-31;1997-11-30;1997-10-31;1997-09-30;1997-08-31;1997-07-31;1997-06-30;1997-05-31;1997-04-30;1997-03-31;1997-02-28;1997-01-31;1996-12-31;1996-11-30;1996-10-31;1996-09-30;1996-08-31;1996-07-31;1996-06-30;1996-05-31;1996-04-30;1996-03-31;1996-02-29;1996-01-31;1995-12-31;1995-11-30;1995-10-31;1995-09-30;1995-08-31;1995-07-31;1995-06-30;1995-05-31;1995-04-30;1995-03-31;1995-02-28;1995-01-31;1994-12-31;1994-11-30;1994-10-31;1994-09-30;1994-08-31;1994-07-31;1994-06-30;1994-05-31;1994-04-30;1994-03-31;1994-02-28;1994-01-31;1993-12-31;1993-11-30;1993-10-31;1993-09-30;1993-08-31;1993-07-31;1993-06-30;1993-05-31;1993-04-30;1993-03-31;1993-02-28;1993-01-31;
Vklady a přijaté úvěry od klientů celkem;7407011,9;7338008;7338703,3;7277094,3;7214657,5;7251117,8;7196068,7;7122701,6;7076691,5;6701167,7;6949269;6905180,3;6933368,6;6881372,6;6896641,7;6831561,1;6743890,6;6687447;6624990,6;6643133,8;6541103,4;5858887,4;6545695,1;6552571,9;6417077,3;6389604;6346296,4;6340355,6;6318500,5;6195932,9;6171965;6158456,9;6121245,5;5502275,3;6084014,1;6073495,3;5948687,8;6143548,3;6132959,5;5855015,7;6093634,2;6178507,2;5894757,4;5771850,4;5717217,9;5161969,4;5680307,1;5724103,4;5549631,2;5720889,3;5695065,8;5412643,7;5683468,4;5594361,8;5298168,3;5090293,2;5079198,9;4739323,6;5039256,8;5028473,3;5024805,5;5030328,5;5001524,2;4953272,6;4999561,1;4934063,7;4775920,6;4769847;4664623,3;4445620,5;4609816,8;4561341,1;4500671,5;4555263;4533623,5;4438909,2;4505480,2;4429891,9;4399767,3;4390470,3;4316805,2;4169132,8;4282724,6;4273536,4;4268104,9;4283709;4245251,3;4189667,2;4295474,4;4279629,3;4141022,9;4085289,3;3994020,7;3767213,1;3877639,1;3820758,3;3748686,3;3778718,9;3748129,5;3697305,1;3820441,6;3795635,3;3761529;3732686,2;3689919,9;3520711,8;3678866,7;3643688;3602592,1;3598016,7;3543780,5;3480625;3470668,8;3438766,1;3476433,4;3474997,7;3424952,8;3435131,3;3406306;3434234,5;3394381,5;3413115,2;3404107,1;3407053,6;3413050,8;3410045,7;3404634,6;3405373,8;3359289,2;3340066,2;3302408,4;3254141,6;3227698,1;3261620,2;3263207,7;3224767,6;3235152,8;3256490,9;3232692;3205116,4;3213693,8;3127581,5;3076174,9;3110197,5;3103677,3;3085072,9;3109299,2;3077420,9;3059323,5;3028674,8;3021544,9;2996876,9;2963567,6;2913954,1;2892857,3;2870396,5;2865202,6;2824233,3;2837208,4;2815515,3;2805317;2791752,9;2808315,4;2800423,7;2799729;2788101,8;2782166,2;2804638,1;2821261;2811319,9;2801019,6;2770190,9;2741705,8;2764576,7;2736632,3;2711444,7;2706433,9;2698236,2;2700808;2752375,9;2722877,9;2733578,6;2716068,8;2739000,3;2732504,6;2677422,9;2666129,3;2679446,5;2681530,2;2566916,2;2624192,5;2606818,2;2608082,9;2635692,6;2614057,8;2562208,4;2494017,7;2464063,6;2455039,3;2463531,8;2486242,4;2369009,4;2413761,6;2394483,7;2350178,4;2353517,3;2359222,4;2317613,8;2265337,8;2256313,4;2203249,5;2190797,4;2172783,9;2025135,3;2093779,6;2093935,2;2092131,1;2084487,8;2078682;2069425,7;2036504,3;2021365,7;2007663,4;1969256,4;1953056,9;1850339,1;1920636,9;1924146,5;1891014,4;1876920,6;1870981,9;1844340,9;1766197,8;1748065;1725395,3;1682960,5;1689592,3;1668895,6;1746373,9;1757818,1;1760837,5;1768113,5;1757417,9;1738230,4;1682570,3;1664362,5;1657540,4;1644487,5;1646877,8;1597380,8;1651668,1;1650747,8;1607971,9;1629530,4;1605566,4;1577223,2;1544763,3;1582103,6;1585261,1;1591092,2;1593014,2;1567892;1625403,4;1640563,4;1616915,3;1616034,9;1612700,1;1598643,9;1509252,9;1486041,6;1451734,7;1451597,5;1464701,3;1412316,4;1415004;1412036,1;1420278,1;1449289,7;1449693,1;1427345,5;1405844,8;1406085,8;1344611,2;1340244;1330474,8;1221143,3;1286406,7;1274797,4;1267240,1;1271485,7;1253679,3;1233645,5;1256800,6;1241153,6;1236833;1238524,6;1218445,5;1167351,2;1225330,3;1224471,9;1225107,5;1232053,4;1221750,3;1208552,6;1208049,4;1202354,6;1190725,5;1189788,2;1171641;1163039,6;1146412,6;1135512,1;1145472,3;1156127,1;1133821,6;1128422,8;1124439,4;1096392,9;1094647,8;1083758,6;1083959;1135030;1086592,8;1077211,8;1066052,3;1080905,1;1070997,1;1045904;1045375;1018601;1006675,5;1009974,6;997503,2;921196,8;905959,4;896183,3;886697,3;905898,2;899600,1;885987,2;894775,2;886430;862836,1;862935,2;847669,6;860018,3;822684,5;813495,2;785572,6;788674,6;776353;749789,5;758811,6;748872,8;734534;738806,9;728644,8;749391,8;715167,2;697876,8;686104,1;686357,7;682987,4;673983;667658,5;657475,7;644487,1;641267,3;629954,9;640173,8;598715;584560,1;576657,3;572608,8;565006,1;549484,3;540138,4;535871;522494,1;525380,9;528540,4;
Vklady netermínované celkem;4566014,7;4525474,5;4524912,8;4489675,7;4449220,3;4386533,3;4310153,3;4305788,7;4268590,2;4346386,7;4251635,6;4231261;4243184,4;4227402,4;4236757,1;4220006,8;4207858,3;4140812,8;4146766,9;4165560,2;4135743,4;4208196,4;4215458;4234903,8;4225105,6;4298388,1;4319912,4;4364746,1;4405574;4376358,5;4419605,3;4434847,2;4440091,3;4523530,6;4623487,7;4658529;4725638,5;4680993,6;4691138,7;4626302,5;4604270,6;4551299,7;4537540;4469883,1;4390482,5;4272560,9;4328158,9;4299979,5;4254824,5;4165031,5;4122150,1;4060562,1;4014484,8;3882025,3;3826804,4;3702228,9;3665236,3;3653857,7;3644111,2;3626201;3591902,5;3607420,5;3598251,3;3583322,1;3603241,8;3538155;3495717,5;3492731,2;3446436,3;3482498,9;3469518,4;3437740,4;3414051,4;3437424,7;3433655,2;3427257,4;3433944;3360623;3360760,7;3366607,4;3326749,2;3332713,3;3316973,3;3259005,2;3291405,5;3276847,6;3270357,5;3250814,5;3276545,8;3238264,9;3193545,1;3128147,5;3041429;2959785,1;2982197,5;2919282;2898451,4;2880177,9;2847384;2825004,8;2812742,4;2759239,4;2725819,7;2709583,1;2662551,6;2656552,3;2641037,3;2588802,7;2560268,6;2531822;2496245,7;2468658,7;2488333,5;2434070,3;2415438,5;2412655,1;2351941,7;2391441,9;2341646,5;2312957,5;2273026;2264565,1;2230747,4;2202450,5;2176460,7;2138732,8;2117705,1;2129223,6;2083207;2108873,6;2081229,5;2040737,8;2014564;2027168;2032947;1996655,5;1987660,2;1961773,7;1937038,9;1940970;1921520,9;1919723,8;1905641,3;1872801,5;1829365;1840087,6;1846250,9;1799779,7;1790586,4;1757600,4;1737590,3;1741817,9;1712893,5;1715327,7;1692375,6;1669266,7;1672825,8;1659527,8;1648833,2;1627802,2;1649112,5;1638280,1;1613590,7;1618065,5;1585135,3;1611503;1596266;1588317,8;1576637,2;1571967,4;1564050,4;1568416,1;1550127,4;1526681,8;1511233,4;1491014,2;1463805,6;1473826,5;1477902,5;1455238,8;1413709,3;1428213,6;1423542,6;1401838,6;1399406,6;1395740,1;1375582,2;1390301,2;1354923,9;1355015,4;1331734,4;1318939,2;1329093,1;1315907,3;1308469,9;1302672,3;1296926,3;1261831,8;1255121,4;1236233,6;1238705,6;1271354,6;1239603;1213702,9;1185414,3;1203883,1;1197134,4;1164026;1161488,9;1136194,6;1086672,2;1095122,4;1072947,9;1061445,8;1057759,6;1045693,7;1033278,1;1024824,1;1019342,8;1002081,5;995448,5;981446,5;942392,8;969421,7;944440;948809,6;946445,2;925218,9;901958,9;903545,5;899843,8;872991,6;882790,9;854672,9;820357,4;828842,2;817778,5;832660,1;840988,7;849177,4;835010,8;841153,5;826462,8;818877,2;814061,5;796759,3;778701,5;772237;769527,7;780503,9;775676;765290;752302,1;736811,7;725560,3;696011,1;686486;682775;671159,5;663298,4;654953,7;657471,3;636602,5;627975,5;617790,8;608288,8;593783,5;583644,3;575559,8;567338,7;527887,7;536449,1;537486,1;525018,5;519479,4;499223,6;496500,3;495074,7;498716;493338,2;480815,5;466820,2;444841,2;446412,2;441059,9;437636,2;445061,2;434992,9;434636,3;436607,4;429007;413544,2;418698,2;404577,4;390449,3;397195,7;397949,8;389389,8;413874,9;407855,9;400465,6;404611;393026,7;376905,3;364141,7;358556,9;355101,6;350333,3;343061,9;372467,1;350520,1;338848,2;340082,6;357563,2;342507,6;351219,6;352771,2;334673,7;337143,8;336078,4;336077,7;383697,7;362090,6;367161,3;355633,7;363993,8;354452,4;346951,6;361881,8;361628;356285,4;359749,8;357347;349277;340572,7;337958,9;336372,8;344355;344235,5;331791,5;336935,7;333052,2;322360,1;330913,3;328538,9;347972,9;339629,1;332414;316560;321227,9;322342,2;302801,1;315298;315206,1;307493,6;317410,7;316828,2;338831,1;315297,6;304282,3;296871,4;304509,2;306481,3;299853,4;292900,3;285613,7;278015,5;281073,5;278306,4;299767,7;281671,5;269224,1;263521,2;260909,9;254488,2;247253,7;240467,7;239921;235879,4;241791,6;248565,2;
z toho: Vklady na běžných účtech (vč. kontokorentních);2946083,5;2911635,6;2932529,3;2912431,1;2901625,5;2864829,3;2819731,6;2846358;2827971,3;2975105,4;2876632,2;2869898,7;2896020,1;2893670,4;2923628,4;2927869,2;2927217,7;2888480,1;2919404,8;2957935;2960770,2;3080676,8;3099893,7;3138903,1;3158579,1;3247877,8;3273070;3322344,2;3373536,5;3355495,2;3399162,6;3412905,4;3420505,5;3534416,5;3630739,9;3685265,4;3751809,3;3701468,6;3709297,2;3649857;3619936,2;3549338,4;3521798,5;3456679,6;3388853,4;3285575,5;3347170,5;3321398,8;3279519,9;3190959,4;3151060,8;3095008,5;3048583,4;2925007,3;2884530,1;2777273;2757411,5;2771259,4;2775068,5;2769056,5;2742639,6;2763226,4;2761526,3;2756227,1;2779612,1;2723830,9;2687626,7;2694673,1;2660944,2;2782595,1;2778506,8;2748903;2726035,6;2751948,8;2749320,6;2746886,3;2755535,5;2688071,3;2692916,6;2699521,2;2664034,7;2677273,2;2674398,1;2651130,1;2684685,1;2673178,1;2669175,1;2650831,9;2676961,5;2643232;2603620,3;2543194,9;2463518,3;2388311;2417814,1;2358550;2337850,2;2322341,7;2288137,3;2271824,7;2260196,3;2225343,1;2196607,9;2186230,8;2131439,5;2129381,5;2118667;2068365,4;2041897,1;2016636,4;1981185;1956094,6;1972783,2;1918414,2;1901061,4;1899171,1;1842012,8;1882167,3;1838623,7;1809145,7;1772344;1765239,6;1736345,3;1709952,2;1685537,6;1652345,7;1635336,8;1646730,7;1606106,8;1639422,2;1614485,3;1578553,8;1554483;1567026,3;1574544,6;1538923,7;1533750,7;1510368,4;1486964,9;1497091,1;1483927,2;1539179,6;1530188,2;1497493,1;1454005,9;1466017,9;1477804,1;1435399,2;1431216,4;1402597,4;1389007,7;1405339;1385685,1;1397348,9;1382098,4;1364753,8;1366209,6;1359709,7;1350797,4;1336229,3;1362105,7;1354334,9;1328460,7;1338344,4;1310648,5;1351803,6;1345383,3;1338924,3;1330504,3;1327349;1326088,9;1332960,9;1414152,6;1420860,6;1407483,7;1388872,6;1364674,6;1378407,8;1384985,4;1364895,3;1326914,9;1344620,2;1344208,7;1327196,1;1325562,3;1324599,3;1308309,1;1329276,4;1294916,3;1298424,6;1276490,1;1265355,4;1276950;1264448,2;1257136,2;1251538,9;1243350,7;1211086,4;1204139,2;1184861,6;1187726,7;1220838;1189184,8;1163339,5;1134866,5;1152675,3;1140887,8;1110186,6;1107850,5;1082812,6;1033637,8;1042425,2;1020331,2;1011040,9;1007529,8;994658,9;982918,2;974957,5;970187,4;953043,6;945273,2;930983,4;892198,4;917989,5;896608,4;897860,1;895758,9;872277,4;854837,4;856548,9;852637;824199;825511,9;799896,4;774057,8;782939,9;772216,3;787297,2;796411,1;803622,8;789508,5;796120,9;781633,5;774439,8;768963,7;751827;733537,9;727592,5;725380,2;733676,1;729889,2;723652,9;710809,3;695570,1;684281,5;648463;645851,6;640172;629119,1;621766;614224,7;617900,8;591870;583392,5;572935,9;563614,9;548467;538105,9;529804,7;521203,5;481794,7;490848,6;491102,9;480939,3;476183,5;456075,8;451214,1;449693,2;453583,6;448383,1;436386,9;422937;401338,9;402932,8;397636,8;393991,6;402393,1;392212,6;391768,6;393844,3;386322,9;370846,4;375169,1;360829,6;346698,7;353688,8;354039,8;346050;370146,8;363077,8;356431,8;360566,9;347590,8;331418,7;318474,9;312544,9;309245,4;303416,7;296017,3;326248,3;305042,1;292740,4;293194,1;310090,3;294588,7;302902,7;303804,8;285085,9;287029,6;285405,8;284835,2;331721,9;309196,6;313707,7;302311,1;310450,9;300773,9;292534,3;304529,6;301982,6;294870,8;298104,1;294744,6;288244,3;279677,1;276440,6;274930,8;281273,5;280311;268515,1;273678,1;267505,3;257667,1;266363,2;263509;283822,4;275320;268192,4;252680,9;255207,9;256376,3;238476,1;250835,7;243019,4;235887,5;246775,5;246675,3;269656;245081,8;235774,1;231521;238837,3;240006,7;234499,7;227842,4;217901,4;209494,9;214908,8;210135,5;232022,5;214516,9;200633;199848,7;196863,4;189209,4;183249;177397,4;175911,1;170662,5;175436,4;182961,4;
Termínové vklady celkem;2840997,2;2812533,5;2813790,5;2787418,6;2765437,2;2864584,5;2885915,4;2816913;2808101,4;2354781;2697633,4;2673919,2;2690184,1;2653970,2;2659884,6;2611554,3;2536032,3;2546634,2;2478223,7;2477573,6;2405360;1650691;2330237,2;2317668,1;2191971,8;2091215,9;2026384,1;1975609,4;1912926,5;1819574,4;1752359,7;1723609,7;1681154,2;978744,7;1460526,5;1414966,4;1223049,3;1462554,8;1441820,8;1228713,2;1489363,5;1627207,6;1357217,4;1301967,2;1326735,4;889408,5;1352148,2;1424124;1294806,7;1555857,7;1572915,7;1352081,6;1668983,7;1712336,5;1471363,9;1388064,3;1413962,5;1085465,9;1395145,6;1402272,3;1432903;1422907,9;1403272,9;1369950,4;1396319,3;1395908,8;1280203;1277115,8;1218186,9;963121,6;1140298,5;1123600,8;1086620;1117838,3;1099968,2;1011651,8;1071536,2;1069268,9;1039006,6;1023863;990056,1;836419,5;965751,3;1014531,3;976699,4;1006861,4;974893,9;938852,8;1018928,5;1041364,4;947477,7;957141,9;952591,7;807428,1;895441,6;901476,4;850235;898541;900745,5;872300,3;1007699,1;1036395,9;1035709,3;1023103,1;1027368,4;864159,5;1037829,4;1054885,3;1042323,5;1066194,6;1047534,9;1011966,3;982335,3;1004695,8;1060994,9;1062342,7;1073011;1043689,4;1064659,5;1121276,9;1121355,7;1148550,1;1173359,8;1204603,2;1236590,1;1271313;1286929,5;1276150,3;1276082,1;1231192,5;1221178,9;1213403,8;1213134,1;1234452,2;1230260,8;1228112,2;1247492,6;1294717,3;1295653,1;1264146,5;1292172,9;1207857,7;1170533,6;1237396;1274312,3;1244985,3;1263048,4;1277641,1;1268737,1;1271074,3;1283954,6;1255059;1250674,1;1198626,3;1200481,7;1201129,9;1192376,8;1164705,5;1188375,2;1187713,1;1156204,5;1153472,8;1194724,7;1182358,3;1214593,7;1176598,7;1185900,1;1216320,3;1244623,7;1239352,6;1236969,1;1201774,7;1191578,5;1237894,9;1225398,8;1220430,5;1242628,3;1224409,8;1222905,4;1297137,1;1309168,7;1305365;1292526,2;1337161,6;1333098;1281682,9;1290547;1289145,4;1326606,4;1211900,8;1292458,1;1287879;1278989,9;1319785,3;1305587,9;1259536,1;1197091,4;1202231,8;1199917,9;1227298,3;1247536,9;1097654,8;1174158,6;1180780,7;1164764;1149634,2;1162087,9;1153587,7;1103849;1120118,8;1116577,3;1095675,1;1099836,1;963689,5;1036020;1048241,5;1058852,9;1059663,6;1059339,1;1067344,2;1041055,9;1039919,2;1065270,5;999834,8;1008616,9;901529,6;974191,6;998927,6;989055,5;973375,1;971138,2;971349,4;883406,8;893392,1;905037,9;854118,4;871813,8;836235,7;905385,2;908640,8;925826,8;926960,1;930955,1;919353,2;868508,9;867603,3;878838,9;872250,5;877350,1;816877;875992,2;885457,9;855669,9;892718,7;880006,2;881212;858277,3;899328,7;914101,6;927793,7;938060,6;910420,7;988801;1012587,9;999124,7;1007746,2;1018916,7;1014999,6;933693,2;918703;923847,1;915148,5;927215,3;887297,9;895525;912812;923778,4;954215,9;950977,2;934007,8;925029,5;939266,9;899770;893833,3;889414,4;783507,5;841346,9;839804,5;832603;834877,9;824673,4;820101,4;838101,8;836575,6;846384,3;841330,2;820495;777961,2;811455,5;816615,9;824641,8;827442,7;828723,2;831646,7;843907,1;843798,3;835623,6;839455,1;828578,3;790572,1;795892,9;796664,1;805389,4;798564,2;791314,1;777203,1;771668;761724,9;757503,8;747680,6;747881,8;751332,5;724502,1;710050,6;710418,6;716911,3;716544,9;698952,9;683493,3;656973;650390,2;650225,3;640156,3;571919,8;565386,8;558224,4;550324,5;561543,2;555364,6;554195,4;557839,3;553377,9;540476,2;532021,9;519130,5;512045;483055,6;481081,1;469012,6;467446,6;454010,9;446988,4;443513,5;433666,7;427040,3;421396,1;411816,6;410560,7;399869,6;393594,5;389232,7;381848,5;376506,1;374129,6;374758,2;371862;366471,6;360193,8;351648,5;340406,1;317043,5;315336;313136,1;311698,9;310517,9;302230,6;299670,7;295950;286614,7;283589,3;279975,2;
podle druhu - Termínové vklady včetně vkl. certifikátů;1665156,7;1690103;1709129,7;1689059,9;1740316,2;1754742,7;1741452;1767949,5;1691909,9;1454453,5;1630408,7;1610780;1571121,6;1572795,6;1596280,8;1489279,2;1502551;1505998,5;1417634,3;1371816,1;1301317,5;1091750,5;1243706,7;1179687;1151610,4;1052428,9;995143,2;943090,3;910741,8;841511,6;825849,7;748230,3;683037,2;501052,3;558513,9;494404,4;425453,1;439026,2;421690,3;410715,8;427613,7;433420,8;467546;448036,2;436563,5;407580,2;459151,6;477320,1;479160,7;478569,7;486703;521791,5;550177,4;617933,5;736422,2;642165;630893,6;573350,3;667296,4;646235,9;663065,4;646212,2;592360,8;580307,4;628637,4;602458,5;554109,9;550943,1;543587,7;441834,7;527521,7;514288;489772,4;508816,8;485630,8;445659,3;471767;462489,4;455651;448925,1;434611,7;340710,2;428935,6;472054,5;434528,7;456299,4;424363,1;404748,5;432868,9;450716,7;428386,4;416074,8;421051,7;374004,7;394571,3;397051,9;398010;394889;397555;408770,4;461178,2;490646,3;487306,4;474463,5;467807;393109,8;454684;456591,5;473210,5;499833,9;457441,6;469859,4;432910,3;443274,3;477945,1;435994,4;438176,5;447294,2;446578,7;450032;446710,3;457150,3;462661,8;494317,5;503316,9;518362;533537,9;499141,1;493727,5;504454,9;503878,8;495804,2;516616,5;505577,7;512364,5;525780,9;508870,1;518218,5;537429,4;535300;538458,1;537606,4;533852,6;556405,5;571480,8;574164,3;575899,6;616759,4;625171,6;633658,3;627356,1;629578,5;594856,3;602850,8;597578,5;598843,9;603378,3;599249,6;597365,1;600225,9;601283,7;588034,1;577955,5;586138,6;589895,8;570780,9;597859,1;593278,5;591768,3;605274;601510,4;613797,4;639908,7;662266,8;631083,4;626025,2;619063,9;626224,1;620793;629712,3;640674,5;649555,5;633587,5;678121,9;689354,8;676511,5;675726,9;665300,2;648899,2;679909,4;637619,7;627527,3;658170,2;652280,7;651559,1;623212,1;631653,1;632294,5;615614,7;621050,7;595736,1;582465;561223,1;566760,7;571426,6;556192,1;542999,4;551338,9;544402,4;547046,8;536026,4;522608,1;516683,1;492243,4;494619,2;510710,6;497602,9;511274;489155,1;474795;475994,3;479154,2;482331;467889,5;465763,7;439951,8;446383,3;462676,4;456215,6;466712,3;466496,6;468135,8;431214,1;432438,8;424171,2;429198,1;423138;409678,6;438616,8;441877,6;442502,5;441477,6;442538,2;440954,2;437332;434150,2;438443,1;443911,2;450965,5;429425,1;462924,2;472307,6;459619,8;491709,4;482874,2;476937;489108;499086,2;493615,3;502730,6;507915,4;487807,2;525450,8;530021,8;527476,8;543809;546239,9;549536,4;541709,5;546801,4;545972,3;556272,7;562071;542037,9;556430,4;574797,5;588393,9;625288,4;625829,4;609284,6;603957,2;588603,7;576280,3;568395,1;555452;;;;;;;;;;;;;;;;;;;;;;;;;;;;;;;;;;;;;;;;;;;;;;;;;;;;;;;;;;;;;;;;;;;;;;;;;;;;;;;;;;;;;;;;;;;;;;;;;
podle druhu - Úsporné vklady;71797,5;72940,3;68571,5;66373,2;68244,9;69818;72121,2;71870,7;76212;58487,5;73643,3;71917,5;71664,8;69635,5;67973,7;66684;64893,5;62949;61670;60116,2;58314,5;38708,4;55728;52284,5;50636;50504,5;50207,1;48604,2;47118,3;45638,7;46689,3;45441,2;45081,7;32063,2;29835,7;28892,6;29055,8;29287,2;29798,7;29946;32802,2;33797,8;34162,7;34670,6;34740,9;35158;35614,4;35771,3;36032,8;36897,9;38565,2;42174,1;50173,2;49297,2;48426,9;48584,3;45727,8;43468,1;45425,2;44562,5;44050,6;42764,8;43453,7;42464,3;41851;41159,7;41130,1;42047,3;43230,2;43837,7;43975,5;43634,2;43969,9;44342,9;44751,3;45830;46199,7;46735,3;47139,6;47564,3;47733,4;47328,1;47802;48409,9;51194,2;51648,9;51864,6;52129,7;52386,1;52719,2;52927;51693,7;53642,7;54886,6;55556,8;56232;57355,2;58075,6;58582,5;58717,8;58562,5;58635,4;58514;58142,6;58029,1;57550,6;57641,9;57631,5;57534,3;57583,6;57718,2;58667;59120,8;59278,6;61427,9;62302,4;65166,6;47245,1;47951;47620,1;48464,3;48278,6;49256,3;49283,7;49356,4;49636,5;50635,7;52507,9;52470,1;51221,3;50437,3;50351,5;49849;50006,4;50166;48857,9;48559,2;50384,7;50039,2;49275,3;49006,7;48405;48381;49007,6;49046,1;49174,7;49272;49454;49650,6;49875,4;49945,6;49182;48723,2;48680,8;48452,4;48975,5;49592,1;50073,8;50654,7;51216,4;51930;52691,6;53416;54304,1;55143,8;55947,2;56164,6;56925;57692,9;58395,4;58981,9;59737,8;60721,8;61865,3;63050,2;64393;65581,1;66692,9;66961,9;67887,3;68803,2;69644,2;70541,5;71434,9;72421;73402,7;74586,5;75916,2;77734,6;79614,4;79704,6;80848,2;81990,5;82799,2;83660;84617,8;85525,4;86593,9;87682,1;88798,8;89894,9;90732,2;90597;91352,1;92138,1;92609;93287,3;94008,7;94691;95579,9;96547,4;97737;98842,3;99844,1;99700,1;100441,3;101121,8;101756,7;102494,2;103105;103876,4;105042;106222,9;107503,9;108716,4;109890,3;109820,3;110686,5;111539,6;112417;113497,1;114481;115622,3;116932,2;118216,8;119621;121162,6;122676;122405,4;123355;124183,8;125075,8;126051,2;127016,5;128132,6;129617,2;131271,2;133057,8;134670,3;136181,5;136887,2;138093,4;139448,3;140759,7;141990,6;143389,6;144699,9;149055,3;150761,3;152272,8;153279;152820,5;168613,3;171168,1;173639,2;175882,6;179360,4;182325,7;184763,2;187969,4;190845,3;192935,9;194805,5;282492,3;271998,1;271583,9;269198,7;268971,6;268957,4;269465,7;269565,5;269429;266778,2;268584,3;270225;;;;;;;;;;;;;;;;;;;;;;;;;;;;;;;;;;;;;;;;;;;;;;;;;;;;;;;;;;;;;;;;;;;;;;;;;;;;;;;;;;;;;;;;;;;;;;;;;
podle druhu - Vklady ve stavebním spoření;295396,3;296487,4;297431,1;298997,6;300643,1;303327,4;302881,5;305010,8;307484,7;309423,6;304847;305597,5;307140,1;309077,7;311013,3;313336;316173,9;319407,9;319361,4;323110,9;326376,7;329098,1;325292,9;327288,1;329984,2;333330,6;336585,5;340018,9;344652,1;349317,2;349507,6;353922,2;356581,3;357511,2;351394,8;350757,6;350559,6;351183,4;351389,4;352151,4;353274,4;354480,5;351912;352681,7;354224,3;353280,8;345732,8;344521,7;344537,8;344761;344910,2;345744,7;347401,9;349841,4;348007,4;350088,9;351242,2;351644,4;344176,6;343774,9;343766,3;343217,4;343088,2;344238,3;345344,5;347162,4;344790,2;346077;347022,6;346673,3;339272,9;338900,7;340024,4;341201,1;342255,2;343965,9;345708;347864,7;346303,1;348307;350173,8;350912,4;343704,3;343784,3;344412,6;346061,2;347914,2;349328,2;352214,7;354351,4;352527,8;354445,1;355281,3;355335,5;347559,4;347546,8;348470;350515,5;352071,2;354560,3;361156,2;373864,2;372804;375217,4;377658,1;378780,8;370604,9;372026,1;373877,6;377205,6;382078,9;386666,4;395282,2;402534,2;403139,1;406232,2;408002,1;408677,1;397787;399353,6;403318,9;404525,5;408468,2;413099,5;416642,4;419461,9;417686,1;421173;424277,8;425590,8;414693,8;416715,5;417586,8;419637,7;422859;425051,1;427503,4;430145,3;427781,8;429641,7;431694,5;432954,9;420228,5;420091,1;420619,9;421817,9;423361,4;424132,1;427172,5;429759,7;427876,9;430054,4;431591,6;433152,1;420141,8;419979;420665,6;421996,6;423703,5;425351,8;427214,5;426012,6;423908,8;425583,3;427491,9;429827;417314,4;418100,3;419185,6;420188;420925,9;421914,6;422936,1;423912,5;414683,8;415249,9;414916,4;414799,8;396073,2;393765,4;392798,1;392579;392866,9;393825;395717,3;397931,2;390345,5;393398,8;396820,2;400639,8;385254,5;384499,2;384412,9;385055,5;385455,5;386895,9;388718,3;390895,2;380323,6;382928,6;384119,5;384527,8;368325,8;366639,4;366128,1;366270;366543,9;367278,5;368509,4;369966,2;358347,4;359669,5;359975,5;359432,7;342477,2;340047,1;338808,3;338436,7;338963,3;339620,9;340680,6;340570,6;328485,3;329114,8;329014,4;328658,2;311476,5;308742,6;307060,8;305741;304818,5;304387,7;304283,5;304272,5;289010;288682;287661,9;286638,9;270243,8;267509;265536;264197,1;262632,5;261364,4;260260,8;259203;243978,1;242202,9;239308;236417;219028,6;214809,3;211753,6;209470,6;207573,4;205277,8;203586,3;193793,6;187754,5;185459,9;182996,6;179797,8;165478,8;161008,8;157413,5;155043,2;152848,2;150864,7;148948,1;145975,5;136080,8;134774,4;133868,5;46961,8;43346,3;42719,2;42269,6;41656;41075,7;40746,9;40367;40140,5;37421,5;37283,9;37689,5;;;;;;;;;;;;;;;;;;;;;;;;;;;;;;;;;;;;;;;;;;;;;;;;;;;;;;;;;;;;;;;;;;;;;;;;;;;;;;;;;;;;;;;;;;;;;;;;;
podle druhu - Ostatní vklady a přijaté úvěry;808646,7;753002,8;738658,3;732987,9;656233;736696,5;769460,7;672082;732494,9;532416,3;688734,4;685624,2;740257,6;702461,5;684616,9;742255,1;652413,9;658278,9;679558,2;722530,4;719351,3;191134,1;705509,5;758408,5;659741,1;654951,9;644448,3;643896,1;610414,3;583106,9;530313,1;576016;596454;88118;520782,1;540911,8;417980,9;643058;638942,4;435899,9;675673,2;805508,5;503596,7;466578,6;501206,7;93389,5;511649,5;566510,9;435075,3;695629,2;702737,3;442371,3;721231,2;695264,4;338507,4;347226,1;386098,9;117003,2;338247,5;367698,9;382020,8;390713,6;424370,1;402940,6;380486,5;405128,2;340172,9;338048,4;284346,5;130776;229528,4;226777,8;212853,4;223477,5;227330,8;176196,5;207861,5;212179,4;189912,9;179066,5;157537,2;97468,9;145309,5;150282,5;146563,8;152852;150752;132646,5;181459;183577,2;113636,6;134928,2;122616;23201,2;97754,1;100645,7;46399,8;95060,9;92536,8;50251,8;126802,2;113250;117085;115279,7;123874,2;34718,3;154898,6;168636,1;137701,2;131571,5;150296,2;96773,6;95021,9;99608,6;118482,8;157813,6;161665,8;140473;172342,9;224271,2;222862,2;238595,7;252973,5;247902,5;267274,4;283852,6;285069,8;303328,3;305606,8;249925,5;252169;250529,2;229081,8;259230,5;244871,3;228422,2;262560;295968,6;280402,7;249929,4;273013,6;188891,3;168071,4;211891,7;233165,5;199828,4;214515,3;187295,5;166742,5;157781;178776,1;146244,2;175503;113942,8;134309;133331,6;118740,8;93385,7;116652;110919,1;75776,3;86734,5;139444,4;116332,1;142062,2;120043,6;114562,2;148016,6;175977;155495,1;155551,1;106325;68011,9;89850,3;116581,5;114762,5;143067;116693;139077,4;205772,1;206892,8;193584,3;195530,3;193779,7;175604,9;133837,5;149888,2;154530,2;203152,2;51737,2;189879,3;195004,3;154416,3;199650;184913,3;164810,3;91194,7;92448,3;116297,5;134520,1;177786,6;39929,8;154012,7;156028,5;135071,4;134563;159257,3;140961,6;96246,1;107525,9;125656;115660,5;124335,1;12169,3;99223,4;97042,5;121319,9;108196,2;128726,4;149823,3;120504,5;115152,4;148231,4;95326,5;105122,4;23029,4;106511,6;116822;114239,6;88504,7;86326;84344,8;32286,9;39748,5;73602,6;16617,2;39851,4;17242,3;74119,4;75899,4;93564,9;96209,8;99733,3;90018,2;42783,6;44633,1;65146,6;53078,7;52406,4;14853,6;57152,2;60247,6;44848,2;50779;47568,1;55607,8;20883,2;57393,7;81970,7;87330,4;93869,7;89995,4;129258,1;150389,2;140595,3;133011,5;140468,3;132273;58272,4;37956,9;50948,8;31162,1;36468,5;2069,3;1333,2;1559,4;2747;2131,8;4371,7;2447,1;2504,2;22826,9;2722;2683,2;3604,4;;;;;;;;;;;;;;;;;;;;;;;;;;;;;;;;;;;;;;;;;;;;;;;;;;;;;;;;;;;;;;;;;;;;;;;;;;;;;;;;;;;;;;;;;;;;;;;;;
podle způsobu ukončení - Vklady se splatností;2487195,5;2459034,8;2466616;2448461,4;2428014,4;2520264,7;2548008,8;2478631,4;2461426,6;2029304,2;2358671,7;2337609,6;2353964,5;2320148,5;2331872,6;2289659,9;2212612,5;2224349,2;2157195,9;2158665,1;2078280,3;1339940,2;2001203,2;1986863,8;1859385,3;1756857,8;1685964,2;1631376;1568332,7;1475905,7;1414737,5;1392811,2;1363116,1;676923,4;1150425,5;1095797;899496;1133103,4;1108875,3;894800;1146108,6;1278992,5;1007948,2;953186;983365,2;549837,3;1012789,6;1084870,2;957932,2;1220671,8;1236953,3;1014046,9;1326133,6;1374236,1;1143020,5;1061393,2;1090059,9;763288,5;1075620,7;1082076,2;1113297,3;1102615,5;1085897,9;1052891,5;1076007,7;1074076,7;955808,1;950796,6;887474,7;635579,7;814566,1;798438,6;758835,9;787733,1;770318,5;678351,6;734195,1;729055,2;696665,6;679766,1;644569,7;493413,8;623086,6;636936,4;595242,7;624941,1;591292,5;552102,2;627857,8;648290,1;553417,9;562364;555204,4;409793,4;499941,7;506268,7;452453,7;496653,9;495348,3;462265,1;588876,9;603013,2;599854,3;585063,9;587574,4;425186,4;608536,1;628155,3;614913,3;637359;613067,6;571381,5;529642,7;543546,2;593499,9;588899,1;594734,4;583930;613561,6;667104,6;662250,6;686498,4;705926,8;729155,1;757621;790732,9;802676;788606,1;787775;747976,5;747146,1;737832,7;738545,2;759287,2;753428,4;748713;765648,9;807018,9;810095,8;781210,4;809346,8;728522,1;702759,8;767505;808246,7;779755;800732,7;814857,1;799501,6;798655,1;811083;779795,1;777257,8;726907,9;741146,3;745404;733452,4;706604,2;728910,9;725803,8;691932,9;689923,9;731131,5;715706;744705,3;701030,5;719610,9;749565,4;778908;773106,8;770264,5;733027,6;708997,8;755101,6;748108,9;741792,1;759519,4;746152,1;757856,1;831201,3;843980,3;839065,9;825060,8;866785,7;857759,9;806332,6;825736,5;824756,4;865403,6;756731,3;903081,4;917922,2;920785,5;971012,9;962505,5;920920,9;861077,6;867748,9;873670,9;905044,8;928479,1;782331,3;878980,8;893088,1;884463,3;872736,5;887907,4;880399,1;831644,6;848739,8;848854;827036,4;831544,5;696311;785989,7;803259,8;816592,1;818277,1;824526,6;833360;811177,4;810526,1;839369,1;772968,6;781563,6;675552,9;765054,6;795407;787834,9;772414,2;770586,3;770759;682772;692283,4;704360,9;653034,6;669911,4;635495,8;717575,5;723949,7;743131,7;745597,3;749704,8;737845,2;685200,5;683328,4;693903,4;686060,6;689577,1;628081,4;693321;702575,5;671404,3;707289,5;693541,2;693433,7;668747,8;706574,5;720774,8;731189,4;740006,7;712901,1;779418;804876,9;789165,1;697195,4;706159,9;701875,3;618397,3;601888;609639,9;599185,4;609479,5;572082,7;581799,3;597757,7;610134,7;645697,7;649636,4;630755;624593;628337,5;593729;585608,7;574470,6;;;;;;;;;;;;;;;;;;;;;;;;;;;;;;;;;;;;;;;;;;;;;;;;;;;;;;;;;;;;;;;;;;;;;;;;;;;;;;;;;;;;;;;;;;;;;;;;;
z toho: Vklady ve stavebním spoření se splatností;200366;200823,7;200964,5;200634,4;201687,4;201938,2;199095,8;199775,4;199765,1;199157,2;196649,1;196565,4;197144,4;198000;198554,3;198795,6;199285,1;199182,6;196134,4;196757,4;196616,1;195732;191322,3;190441,5;189949,4;189485,5;188744,6;188368,5;190784,5;193132,5;191913,4;195261,5;197381,7;197409,2;192457,6;191306,6;190656,3;189867,8;188931,8;188261,7;188135,7;187357,1;184539,2;186787,4;188967,2;188937,7;184062,5;183686,4;185841,2;185765,4;185402,8;184402,4;183900,7;184548,1;185835,3;189860,1;191984,9;192638,5;190707;190937,6;193401,1;192994,8;196529,5;197583,2;198428,5;198716,9;196106,1;196002,7;195679,1;194447,3;190071,6;189840,2;189157,7;189224,3;189015;188235,8;187876,7;188030,6;185063,4;185506,4;185925,8;186817;184530,7;184888,5;185116,9;185729,7;185458,5;185447,1;185815;185771,8;183819;183840;183423,8;181980,8;178381;178745;178982,3;179438,4;178617,8;177181,6;175929,2;175096,6;172284,4;172586,4;172232,7;171872,4;173890,1;176718;178660;179706,9;179916;179797,1;179948,9;179661,6;176905,9;176154,4;175038;174516,8;172008,8;172579;173222,8;174278,2;174363,5;174037;173794,7;173019,8;168559,1;167921,7;166885,1;166839;163934,4;164561,9;164784;164586,8;164816,6;163816,1;163955,1;164349,4;161836,1;162144,4;162232,5;162613,1;161224,4;162476,9;163370,7;164016,8;164407,7;163998,5;163879,9;163977,2;161137;160625,5;159772;159063,6;154296,4;153983,7;153542;153239,6;152939;152451;151560,3;149286,5;146641;145580,2;144279,3;143195;134905,5;132583,8;130813,8;129340,9;128113,1;126720;125136;123330,2;117518,2;115127,9;102886,1;100650,9;92947,9;90267,6;88050,1;86109,4;84340,8;82499,1;80657,8;78797,8;74127,9;72019,1;69795,7;69543,2;112107;128648,5;140085,5;150004,3;155774,3;161646,7;166300,8;169695,4;166732,3;174048,2;177906;180705,3;184466,3;191535,2;198893;202898,6;206461,7;208835,9;211676,4;214426,7;207496,5;210181,7;211838,6;213925,9;213811,9;216685,1;218877,2;219763,3;227246,8;229834,8;235158,8;236937,5;229771,8;230617,9;232130,3;233443,9;233078,6;237162,5;238585,5;239546,2;239741,2;240465,3;242146,5;242958,7;229611;230410,7;230398,5;231751,1;227772,8;229185,9;229446,2;230241,1;229656,4;228983,5;228697,7;228435,6;214499,5;213253,3;210659,4;208053,8;198230,5;195461;192936,9;191216,5;189560,5;187264,6;185691,5;176045,9;169884,2;167158,9;164476,1;160994,2;150883;151202,3;147863,5;47310,4;46378,5;45618,2;44651;43663,4;40323,9;39701,6;39450,7;39383,1;36782,4;36465,3;36175,1;35698,7;35241,3;35001,9;34738,5;34597,6;32365,1;32328,7;32819,3;;;;;;;;;;;;;;;;;;;;;;;;;;;;;;;;;;;;;;;;;;;;;;;;;;;;;;;;;;;;;;;;;;;;;;;;;;;;;;;;;;;;;;;;;;;;;;;;;
podle způsobu ukončení - Vklady s výpovědní lhůtou;353801,8;353498,7;347174,7;338957,2;337422,8;344319,9;337906,5;338281,6;346674,8;325476,9;338961,7;336309,6;336219,6;333821,7;328012;321894,4;323419,7;322285,1;321027,9;318908,4;327079,7;310750,9;329033,9;330804,3;332586,4;334358,1;340419,8;344233,4;344593,7;343668,7;337622,2;330798,6;318038,2;301821,3;310101;319169,4;323553,3;329451,4;332945,5;333913,1;343254,9;348215,1;349269,2;348781,2;343370,3;339571,2;339358,6;339253,8;336874,5;335185,9;335962,5;338034,6;342850;338100,4;328343,3;326671,1;323902,6;322177,4;319524,9;320196,1;319605,7;320292,5;317374,9;317059;320311,6;321832,1;324395;326319,2;330712,2;327541,9;325732,3;325162,1;327784,1;330105,2;329649,7;333300,2;337341;340213,6;342341,1;344096,9;345486,3;343005,8;342664,7;377594,9;381456,7;381920,3;383601,3;386750,6;391070,8;393074,4;394059,9;394777,8;397387,3;397634,6;395499,9;395207,8;397781,3;401887;405397,2;410035,3;418822,2;433382,7;435855;438039,2;439794;438973;429293,3;426730;427410,2;428835,6;434467,3;440584,8;452692,6;461149,5;467494,9;473443,5;478276,6;459759,3;451097,9;454172,4;459105;462051,7;467433;475448,1;478969,1;480580,2;484253,6;487544,2;488307,2;483216,1;474032,8;475567,8;474588,9;475165,1;476832,3;479399,2;481843,7;487698,3;485557,3;482936,1;482826;479335,6;467773,8;469891;466065,6;465230,3;462315,7;462784;469235,5;472419,3;472871,7;475263,9;473416,3;471718,5;459335,4;455725,9;458924,4;458101,5;459464,5;461909,4;464271,5;463548,9;463593,2;466652,2;469888,4;475568,2;466289,3;466754,9;465715,6;466245,8;466704,7;468747,2;482580,6;482793,4;477290;478638,4;483109;478257,7;465049,4;465935,9;465188,4;466297;467465,4;470375,9;475338,1;475350,3;464810,5;464389;461202,7;455169,5;389376,7;369956,8;358204,4;348772,5;343082,4;338615,2;336013,8;334482,9;326247,1;322253,3;319057,9;315323,5;295177,8;287692,6;280300,9;276897,6;274180,6;273188,6;272204,4;271379;267723,2;268638,7;268291,6;267378,4;250030,2;244981,8;242260,8;241386,5;234812,5;233984,2;229878,4;229393,1;225901,4;226866,2;227053,4;225976,8;209137,1;203520,5;201220,6;200960,9;200551,8;200590,3;200634,9;201108,7;200639,6;201083,7;201902,5;200740;187809,8;184691,3;182655,5;181363;181250,4;181508,1;183308,5;184275;184935,6;186190;187773,1;188795,7;182671,3;182882,5;184265,6;185429,3;186465,1;187778,5;189529,6;192754,3;193327;196604,4;198054,1;197519,7;209383;207711;209959,7;310550,9;312756,9;313124,4;315295,9;316815,1;314207,3;315959,5;317734;301478,6;291308,7;292902,3;292474,5;292350,1;290597,8;291189,3;291800,9;292662,6;289473;291337,8;292500,3;;;;;;;;;;;;;;;;;;;;;;;;;;;;;;;;;;;;;;;;;;;;;;;;;;;;;;;;;;;;;;;;;;;;;;;;;;;;;;;;;;;;;;;;;;;;;;;;;
z toho: Vklady ve stavebním spoření s výpovědní lhůtou;95030,3;95663,7;96466,7;98363,2;98955,7;101389,2;103785,6;105235,4;107719,5;110266,5;108197,9;109032,2;109995,7;111077,7;112459;114540,4;116888,9;120225,4;123227;126353,5;129760,6;133366,1;133970,6;136846,6;140034,9;143845,1;147841;151650,3;153867,5;156184,8;157594,2;158660,6;159199,6;160102;158937,1;159451;159903,3;161315,7;162457,6;163889,7;165138,6;167123,4;167372,8;165894,3;165257,1;164343,1;161670,3;160835,3;158696,6;158995,6;159507,5;161342,3;163501,2;165293,3;162172,1;160228,9;159257,3;159005,9;153469,5;152837,3;150365,2;150222,5;146558,7;146655,1;146916;148445,5;148684,1;150074,3;151343,5;152226;149201,3;149060,5;150866,7;151976,8;153240,3;155730,2;157831,3;159834,1;161239,7;162800,6;164248;164095,4;159173,6;158895,8;159295,8;160331,5;162455,7;163881,1;166399,6;168579,6;168708,8;170605,1;171857,5;173354,7;169178,5;168801,9;169487,6;171077;173453,4;177378,7;185227;198767,6;200519,6;202631;205425,4;206908,4;196714,8;195308,1;195217,6;197498,6;202162,9;206869,3;215333,4;222872,7;226233,2;230077,8;232964,1;234160,3;225778,2;226774,6;230096,1;230247,3;234104,8;239062,5;242847,6;246442,1;249127;253251,3;257392,7;258751,8;250759,5;252153,7;252802,8;255050,9;258042,4;261235;263548,2;265795,9;265945,7;267497,3;269462;270341,9;259004,1;257614,3;257249,2;257801;258953,7;260133,6;263292,6;265782,5;266739,9;269428,9;271819,7;274088,5;265845,4;265995,3;267123,7;268757;270764,5;272900,9;275654,2;276726,1;277267,8;280003,1;283212,5;286631,9;282408,9;285516,4;288371,8;290847,1;292812,8;295194,6;297800,1;300582,3;297165,6;300122;312030,3;314148,9;303125,3;303497,8;304747,9;306469,6;308526,1;311325,9;315059,5;319133,4;316217,6;321379,7;327024,5;331096,6;273147,5;255850,7;244327,4;235051,2;229681,2;225249,3;222417,4;221199,8;213591,3;208880,3;206213,4;203822,6;183859,5;175104,3;167235,1;163371,5;160082,2;158442,6;156833;155539,5;150850,9;149487,8;148137;145506,8;128665,3;123362;119931,1;118673,5;111716,5;109786;105521,8;103633,1;98713,5;98496,9;96884,1;95214,3;78397,9;71580,1;68475,4;66194,8;65077,3;63922,4;62137;61313,8;59399;58271,3;57263,5;54887,8;42471;38323,1;36089,8;33956;32976,1;32380,9;31563,1;30767,4;29478,6;28949,7;28648,6;28363,2;20798,1;19348,2;18816,8;18254,2;18012,9;18013,2;17894,8;17747,8;17870,4;18301;18520,4;18803,6;14595,9;9806,5;9549,9;107732,8;106469,7;105246,5;104297,1;102312,1;95756,9;95072,8;94417,8;7578,7;6563,9;6253,9;6094,5;5957,3;5834,4;5745;5628,5;5542,9;5056,4;4955,2;4870,2;;;;;;;;;;;;;;;;;;;;;;;;;;;;;;;;;;;;;;;;;;;;;;;;;;;;;;;;;;;;;;;;;;;;;;;;;;;;;;;;;;;;;;;;;;;;;;;;;
